"PRODUCT NAME",MANUFACTURER,SYNONYM," HMIS - HEALTH"," HMIS - FLAMMABILITY","MIS PHYSICAL HAZARD"," HMIS - PPE","MSDS DATE","ACTIVE CHEMICAL","PDF DATE MANUAL","PDF ID","CREATED AT","UPDATED AT"
"Uni-melt 3100","Uniplast Inc","Glue Sticks",0,0,0,0,"2005-01-06 21:11:37",0,2005-01-06,1.pdf,"2013-03-12 07:36:41","2013-03-18 17:38:14"
"Marvel Mystery Air Tool Oil","Marvel Oil Company","Air Tool Oil",0,0,0,0,"2005-01-06 21:17:30",0,2005-01-06,2.pdf,"2013-03-12 07:36:41","2013-03-12 12:43:30"
"Baby Powder","Precision Medical, Inc",Powder,0,0,0,0,"2005-01-06 21:20:14",0,2005-01-06,3.pdf,"2013-03-12 07:36:41","2013-03-12 12:43:30"
"Karo corn syrup",Bestfoods," ",0,0,0,0,"2005-01-06 21:26:59",0,2005-01-06,4.pdf,"2013-03-12 07:36:41","2013-03-12 12:43:30"
"Sprayway C-60 Solvent Cleaner Degreaser","Spray Way, Inc",Solvent/Cleaner/De-Greaser,0,0,0,0,,0,2005-03-18,,"2013-03-12 07:36:41","2013-03-18 17:29:28"
"TexTac ","Franklin International","Vinyl Acrylic Adhesive",0,0,0,0,"2005-01-06 21:35:57",0,2005-01-06,6.pdf,"2013-03-12 07:36:41","2013-03-12 12:43:30"
"Hi-Point 90","Witco Chemical Corp",Peroxide,0,0,0,0,"2005-01-06 21:39:46",0,2005-01-06,7.pdf,"2013-03-12 07:36:41","2013-03-12 12:43:30"
"Distilled white vinegar","HJ Heinz Co",vinegar,0,0,0,0,"2005-01-06 21:48:51",0,2005-01-06,8.pdf,"2013-03-12 07:36:41","2013-03-12 12:43:30"
"Health Edco Germ Powder","WRS Group"," ",0,0,0,0,"2005-01-11 14:33:44",0,2005-01-11,9.pdf,"2013-03-12 07:36:41","2013-03-12 12:43:30"
"Year's Worth of Tar fluid","WRS Group",,0,0,0,0,"2011-09-14 17:07:41",0,2011-09-14,10.pdf,"2013-03-12 07:36:41","2013-03-12 12:43:30"
"Corn Husker Lotion","Pfizer Inc",,0,0,0,0,"2005-01-11 14:38:21",0,2005-01-11,11.pdf,"2013-03-12 07:36:41","2013-03-12 12:43:30"
"Davison Blue Indicating Gel","Grace Davison","Dryer Crystals",0,0,0,0,"2005-01-11 14:41:45",0,2005-01-11,12.pdf,"2013-03-12 07:36:41","2013-03-12 12:43:30"
"Dermacoat Aerosol",Kernite,"Skin Protectant Hand Cream",0,0,0,0,"2005-01-11 14:43:33",0,2005-01-11,13.pdf,"2013-03-12 07:36:41","2013-03-12 12:43:30"
"Testors 1147 black enamel","The Testor Corp"," ",0,0,0,0,"2011-09-14 17:11:49",0,2011-09-14,14.pdf,"2013-03-12 07:36:41","2013-03-12 12:43:30"
"Dow Corning 200 R fluid","Dow Corning","Silicone Fluid",0,0,0,0,"2005-01-11 14:47:45",0,2005-01-11,15.pdf,"2013-03-12 07:36:41","2013-03-12 12:43:30"
"Eyesaline Concentrate-Part #153","Fendall Co.","Eye Wash",0,0,0,0,"2005-10-25 19:17:14",0,2005-10-25,17.pdf,"2013-03-12 07:36:41","2013-03-12 12:43:30"
"FD&C Red No 40","Kobo Products Inc",Pigment,0,0,0,0,"2011-09-14 17:15:04",0,2011-09-14,18.pdf,"2013-03-12 07:36:41","2013-03-12 12:43:30"
"Testors 1145 white enamel","The Testor Corp",,0,0,0,0,"2011-09-14 17:16:12",0,2011-09-14,19.pdf,"2013-03-12 07:36:41","2013-03-12 12:43:30"
"Testors 1103 red enamel","The Testor Corporation"," ",0,0,0,0,"2011-09-14 17:17:09",0,2011-09-14,21.pdf,"2013-03-12 07:36:41","2013-03-12 12:43:30"
"SureHold adhesive","Uncommon Conglomrates","Activator #300 Aerosol",0,0,0,0,"2005-01-11 15:20:38",0,2005-01-11,22.pdf,"2013-03-12 07:36:41","2013-03-12 12:43:30"
"Testors 1124 green enamel","The Testor Corp",,0,0,0,0,"2011-09-14 17:18:24",0,2011-09-14,23.pdf,"2013-03-12 07:36:41","2013-03-12 12:43:30"
"Testors 1140 brown enamel","The Testor Corp",,0,0,0,0,"2011-09-14 17:18:52",0,2011-09-14,24.pdf,"2013-03-12 07:36:41","2013-03-12 12:43:30"
"Testors 1127 orange enamel","The Testor Corp",,0,0,0,0,"2011-09-14 17:19:32",0,2011-09-14,25.pdf,"2013-03-12 07:36:41","2013-03-12 12:43:30"
"Testors 1146 silver enamel","The Testor Corp"," ",0,0,0,0,"2011-09-14 17:20:01",0,2011-09-14,26.pdf,"2013-03-12 07:36:41","2013-03-12 12:43:31"
"Testors 1144 gold enamel","The Testor Corp"," ",0,0,0,0,"2011-09-14 17:20:33",0,2011-09-14,27.pdf,"2013-03-12 07:36:41","2013-03-12 12:43:31"
"Peel-off China marker","Sanford Corp","all colors",0,0,0,0,"2005-01-11 15:31:29",0,2005-01-11,28.pdf,"2013-03-12 07:36:41","2013-03-12 12:43:31"
"GoJo Natural Orange Pumice Hand Cleaner","GoJo Industries",Cleaner,0,0,0,0,,0,,,"2013-03-12 07:36:41","2013-03-12 07:36:41"
"Oxy 80  HC","Occidental Chemical Corp","PVC Resin",0,0,0,0,"2005-01-11 15:33:41",0,2005-01-11,30.pdf,"2013-03-12 07:36:41","2013-03-12 12:43:31"
"Testors 1110 blue enamel","The Testor Corp",,0,0,0,0,"2011-09-14 17:21:03",0,2011-09-14,31.pdf,"2013-03-12 07:36:41","2013-03-12 12:43:31"
"Testors 1134 purple enamel","The Testor Corp",,0,0,0,0,"2011-09-14 17:21:27",0,2011-09-14,32.pdf,"2013-03-12 07:36:41","2013-03-12 12:43:31"
"HyVac Flushing Oil","HyVac Products, Inc","Flushing Oil",0,0,0,0,"2005-01-11 15:42:01",0,2005-01-11,33.pdf,"2013-03-12 07:36:41","2013-03-12 12:43:31"
"HyVac Pump Oil","HyVac Products, Inc","Pump Oil",0,0,0,0,"2005-01-11 15:44:38",0,2005-01-11,34.pdf,"2013-03-12 07:36:41","2013-03-12 12:43:31"
"Testors 1114 yellow enamel","The Testor Corp"," ",0,0,0,0,"2011-09-14 17:22:00",0,2011-09-14,35.pdf,"2013-03-12 07:36:41","2013-03-12 12:43:31"
"Blanket and Roller Wash","Chemisphere Corp","Press roller wash",0,0,0,0,"2005-01-11 15:47:54",0,2005-01-11,36.pdf,"2013-03-12 07:36:41","2013-03-12 12:43:31"
"Klear Koilz",Kernite,,0,0,0,0,"2005-01-11 15:49:35",0,2005-01-11,37.pdf,"2013-03-12 07:36:41","2013-03-12 12:43:31"
"Quickset Offset Ink","Spinks Ink Co.","Offset Ink",0,0,0,0,"2005-01-11 15:51:22",0,2005-01-11,38.pdf,"2013-03-12 07:36:41","2013-03-12 12:43:31"
"Mineral Spirits Rule 66 ","Americhem Sales Corp","Paint Thinner",0,0,0,0,"2011-09-14 17:23:06",0,2011-09-14,40.pdf,"2013-03-12 07:36:41","2013-03-12 12:43:31"
"Metamerism Magic","Plasticolors, Inc.",SynerMix,0,0,0,0,"2007-03-13 18:00:40",0,2007-03-13,41.pdf,"2013-03-12 07:36:41","2013-03-12 12:43:31"
"Palatinol 711P","BASF Corp",Palatinol,0,0,0,0,"2005-06-03 19:42:16",0,2005-06-03,42.pdf,"2013-03-12 07:36:41","2013-03-12 12:43:31"
"Mineral Spirits","Americhem Sales Corp","Mineral Spirits",0,0,0,0,"2011-09-14 17:23:50",0,2011-09-14,43.pdf,"2013-03-12 07:36:41","2013-03-12 12:43:31"
"Methyl Ethyl Ketone","Hill Brothers Chemical Co",MEK,0,0,0,0,"2005-01-11 16:04:58",0,2005-01-11,44.pdf,"2013-03-12 07:36:41","2013-03-12 12:43:31"
"Plastoflex 2307","Akcros Chemicals America",Plastoflex,0,0,0,0,"2005-01-11 16:06:35",0,2005-01-11,45.pdf,"2013-03-12 07:36:41","2013-03-12 12:43:31"
"Super Flash Pallet Adhesive","Spray Way, Inc","Super Tac",0,0,0,0,"2005-01-11 16:08:34",0,2005-01-11,46.pdf,"2013-03-12 07:36:41","2013-03-12 12:43:31"
"Platilon UO1","Wolff Walsrode AG",Polyurethane,0,0,0,0,"2011-09-14 17:24:51",0,2011-09-14,47.pdf,"2013-03-12 07:36:41","2013-03-12 12:43:31"
"Platilon UO4","Wolff Walsrode AG",Polyurethane,0,0,0,0,"2011-09-14 17:26:24",0,2011-09-14,48.pdf,"2013-03-12 07:36:41","2013-03-12 12:43:31"
"Glade Air Freshener","SC Johnson Wax",potpouri,0,0,0,0,"2005-01-11 16:16:29",0,2005-01-11,49.pdf,"2013-03-12 07:36:41","2013-03-12 12:43:31"
"PMC - 724 Part A","Smooth-On, Inc","Formulated isocyanate",0,0,0,0,"2005-01-11 16:21:31",0,2005-01-11,50.pdf,"2013-03-12 07:36:41","2013-03-12 12:43:31"
"PMC - 724-Part B","Smooth-On, Inc","formulated polyol",0,0,0,0,"2005-01-11 16:22:40",0,2005-01-11,51.pdf,"2013-03-12 07:36:41","2013-03-12 12:43:31"
"So Flex (Formerly PMC-724 part C)","Smooth-On, Inc","Polyurethane Elastomer",0,0,0,0,"2005-01-11 16:25:46",0,2005-01-11,52.pdf,"2013-03-12 07:36:41","2013-03-12 12:43:31"
"Delo Gear Lubricant","Chevron Products",,0,0,0,0,"2005-01-11 16:28:01",0,2005-01-11,53.pdf,"2013-03-12 07:36:41","2013-03-12 12:43:31"
"Hydraulic oil 46","Citgo Petroleum Corp","Lubricating Oil",0,0,0,0,"2011-09-14 17:30:43",0,2011-09-14,54.pdf,"2013-03-12 07:36:41","2013-03-12 12:43:31"
"Gearplus 80W-140 geal lube","Pennzoil Company","Hypoid Gear Lube",0,0,0,0,"2005-01-11 16:32:08",0,2005-01-11,55.pdf,"2013-03-12 07:36:41","2013-03-12 12:43:31"
"Biolike Model Powder","WRS Group"," ",0,0,0,0,"2005-01-11 16:33:35",0,2005-01-11,56.pdf,"2013-03-12 07:36:41","2013-03-12 12:43:31"
"Palmolive dish soap","Colgate Palmolive Co."," ",0,0,0,0,"2005-01-11 16:35:35",0,2005-01-11,57.pdf,"2013-03-12 07:36:41","2013-03-12 12:43:31"
"Pronto Instant Adhesive CA-40","3M Center",Adhesive,0,0,0,0,"2005-01-11 16:37:09",0,2005-01-11,58.pdf,"2013-03-12 07:36:41","2013-03-12 12:43:31"
"Pronto Instant Adhesive CA-40H","3M Center",Adhesive,0,0,0,0,"2005-01-11 16:39:40",0,2005-01-11,59.pdf,"2013-03-12 07:36:41","2013-03-12 12:43:31"
"Propylene Glycol IND","Ashland Specialty Chemical Company",Glycol,0,0,0,0,,0,,,"2013-03-12 07:36:41","2013-03-12 07:36:41"
"Dial liquid soap","Dial Corp"," ",0,0,0,0,"2005-01-11 16:43:50",0,2005-01-11,61.pdf,"2013-03-12 07:36:41","2013-03-12 12:43:31"
"Lacquer Thinner","AutoWax Company, Inc.",Solvent,0,0,0,0,,0,,,"2013-03-12 07:36:41","2013-03-12 07:36:41"
"Red floor sweep","R & D Sales"," ",0,0,0,0,"2011-09-14 17:33:49",0,2011-09-14,64.pdf,"2013-03-12 07:36:41","2013-03-12 12:43:31"
"Release Cote M-12","Caravan Products Co",,0,0,0,0,"2005-01-11 16:50:45",0,2005-01-11,65.pdf,"2013-03-12 07:36:41","2013-03-12 12:43:31"
"Brush Plus ","Plaid Enterprises","brush cleaner",0,0,0,0,"2005-01-11 16:52:18",0,2005-01-11,66.pdf,"2013-03-12 07:36:41","2013-03-12 12:43:31"
"Dutchboy paint","Dutch Boy",violet,0,0,0,0,"2011-09-14 17:34:49",0,2011-09-14,67.pdf,"2013-03-12 07:36:41","2013-03-12 12:43:31"
"Poly All Screen Printing Ink","Nazdar Chicago","Screen Printing Ink",0,0,0,0,"2005-01-11 16:57:39",0,2005-01-11,68.pdf,"2013-03-12 07:36:41","2013-03-12 12:43:31"
"SC125 acrylic adhesive","Caseway Industrial Prod"," ",0,0,0,0,"2005-01-11 16:59:30",0,2005-01-11,69.pdf,"2013-03-12 07:36:41","2013-03-12 12:43:31"
"9700 Series All Purpose Screen Ink","Nazdar Chicago","Screen Ink",0,0,0,0,"2005-01-11 17:01:01",0,2005-01-11,70.pdf,"2013-03-12 07:36:41","2013-03-12 12:43:32"
"Instant Screen Opener 15oz","Spray Way, Inc","Screen Opener",0,0,0,0,"2005-01-11 17:02:42",0,2005-01-11,71.pdf,"2013-03-12 07:36:41","2013-03-12 12:43:32"
"Screen Wash #5  ","Tem-Tex Solvents Corp",Acetone-Xylene,0,0,0,0,"2005-01-11 17:04:09",0,2005-01-11,72.pdf,"2013-03-12 07:36:41","2013-03-12 12:43:32"
"SCS 1000 Silicone Sealant","GE Silicones",Adhesive,0,0,0,0,"2011-09-14 17:36:59",0,2011-09-14,73.pdf,"2013-03-12 07:36:41","2013-03-12 12:43:32"
"Silaprine Adhesive DC-11687","Uniroyal Adhesives & Sealants",Adhesive,0,0,0,0,"2011-09-14 17:38:26",0,2011-09-14,74.pdf,"2013-03-12 07:36:41","2013-03-12 12:43:32"
"Silwhite Plastic","Silpak Inc",,0,0,0,0,"2005-01-11 17:11:19",0,2005-01-11,75.pdf,"2013-03-12 07:36:41","2013-03-12 12:43:32"
"Silwhite A","Silpak Inc",,0,0,0,0,"2005-01-11 17:13:20",0,2005-01-11,76.pdf,"2013-03-12 07:36:41","2013-03-12 12:43:32"
"Slice Away",Kernite,,0,0,0,0,"2005-01-11 17:14:43",0,2005-01-11,77.pdf,"2013-03-12 07:36:41","2013-03-12 12:43:32"
"Sonite C-1502 part A","Smooth-On, Inc",Polyol,0,0,0,0,"2005-01-11 17:17:38",0,2005-01-11,78.pdf,"2013-03-12 07:36:41","2013-03-12 12:43:32"
"PrismaColor art markers","Sanford Corp","all colors",0,0,0,0,"2005-01-11 17:23:31",0,2005-01-11,79.pdf,"2013-03-12 07:36:41","2013-03-12 12:43:32"
"Lightweight All Purpose joint compound",USG," ",0,0,0,0,"2005-01-11 17:25:45",0,2005-01-11,80.pdf,"2013-03-12 07:36:41","2013-03-12 12:43:32"
"FD&C Yellow #5","Roha Dyechem",Pigment,0,0,0,0,"2005-01-11 17:27:37",0,2005-01-11,81.pdf,"2013-03-12 07:36:41","2013-03-12 12:43:32"
"Super 77 Adhesive","3M Center","Spray Adhesive",0,0,0,0,"2011-09-21 13:21:59",0,2011-09-21,82.pdf,"2013-03-12 07:36:41","2013-03-12 12:43:32"
"Blue food coloring","Virginia Dare Extract Co"," ",0,0,0,0,,0,,,"2013-03-12 07:36:41","2013-03-12 07:36:41"
"Medallion Yellow Food Color","Virginia Dare Extract Co","Food Color",0,0,0,0,,0,,,"2013-03-12 07:36:41","2013-03-12 07:36:41"
"Therm-Chek SP 940","Ferro Corporation",Stabilizer,0,0,0,0,,0,,,"2013-03-12 07:36:41","2013-03-12 07:36:41"
"Ti-Pure Titanium Dioxide Pigment",Dupont,Pigment,0,0,0,0,"2005-01-11 18:19:32",0,2005-01-11,86.pdf,"2013-03-12 07:36:41","2013-03-12 12:43:32"
"Phthalocyanine Blue","Binny & Smith Co","transparent blue",0,0,0,0,"2005-01-11 18:20:58",0,2005-01-11,87.pdf,"2013-03-12 07:36:41","2013-03-12 12:43:32"
"Ulano #60 Screen Filler","Ulano Corp.","Screen Filler",0,0,0,0,"2011-09-14 17:40:42",0,2011-09-14,88.pdf,"2013-03-12 07:36:41","2013-03-12 12:43:32"
"Green food coloring","Virginia Dare Extract Co"," ",0,0,0,0,"2005-01-11 18:24:01",0,2005-01-11,89.pdf,"2013-03-12 07:36:41","2013-03-12 12:43:32"
"Elmers Glue All","Elmers Products",Adhesive,0,0,0,0,"2005-01-11 18:25:39",0,2005-01-11,90.pdf,"2013-03-12 07:36:41","2013-03-12 12:43:32"
"Mar-Hyd Primer for Rigid/Semi-Rigid Plastics Aerosol","Bondo Corp"," ",0,0,0,0,"2005-01-11 18:27:31",0,2005-01-11,91.pdf,"2013-03-12 07:36:41","2013-03-12 12:43:32"
"Quaker State HD SAE Motor Oil","Pennzoil-Quaker State Co.","All Grades",0,0,0,0,"2005-01-11 18:30:53",0,2005-01-11,92.pdf,"2013-03-12 07:36:41","2013-03-12 12:43:32"
"1300 Series New Ultra UV Screen Ink","Nazdar Canada","Screen Ink",0,0,0,0,"2005-01-11 18:32:35",0,2005-01-11,93.pdf,"2013-03-12 07:36:41","2013-03-12 12:43:32"
"Magnum 44 marker","Sanford Corp","Black Marker",0,0,0,0,"2005-01-11 18:34:51",0,2005-01-11,94.pdf,"2013-03-12 07:36:41","2013-03-12 12:43:32"
"D3 Vinyl","Adhesive & Chemical Technology","Glue machine adhesive",0,0,0,0,"2005-01-11 18:36:44",0,2005-01-11,95.pdf,"2013-03-12 07:36:41","2013-03-12 12:43:32"
"Liquid Rubber resin",SAF-T-EZE," ",0,0,0,0,"2005-01-11 18:39:06",0,2005-01-11,96.pdf,"2013-03-12 07:36:41","2013-03-12 12:43:32"
"Liquid Rubber hardener",SAF-T-EZE," ",0,0,0,0,"2005-01-11 18:40:46",0,2005-01-11,97.pdf,"2013-03-12 07:36:41","2013-03-12 12:43:32"
"Major Accent highlighters","Sanford Corp","all colors",0,0,0,0,"2005-01-11 18:44:48",0,2005-01-11,98.pdf,"2013-03-12 07:36:41","2013-03-12 12:43:32"
Formaldehyde,"Mallinckrodt Baker, Inc."," ",0,0,0,0,"2005-01-11 18:46:15",0,2005-01-11,99.pdf,"2013-03-12 07:36:41","2013-03-12 12:43:32"
Surgilube,"Altana, Inc. BYK Pharmaceutical"," ",0,0,0,0,"2011-09-14 17:42:35",0,2011-09-14,100.pdf,"2013-03-12 07:36:41","2013-03-12 12:43:32"
"Petroleum jelly","Vijon Laboratories"," ",0,0,0,0,"2005-01-11 18:52:48",0,2005-01-11,101.pdf,"2013-03-12 07:36:41","2013-03-12 12:43:32"
"Triple antibiotic ointment",Safetec," ",0,0,0,0,"2005-01-11 18:54:50",0,2005-01-11,102.pdf,"2013-03-12 07:36:41","2013-03-12 12:43:32"
"WRS FF2990 Neutral","PolyOne Corporation",Polyurethane,0,0,0,0,"2005-10-25 19:14:03",0,2005-10-25,103.pdf,"2013-03-12 07:36:41","2013-03-12 12:43:32"
"Hydrogen peroxide","Solvay Interox, Inc."," ",0,0,0,0,"2005-01-11 18:58:38",0,2005-01-11,104.pdf,"2013-03-12 07:36:41","2013-03-12 12:43:32"
"D-298 Columbia Blue","Day Glo Color Corp",Pigment,0,0,0,0,"2005-01-11 19:00:44",0,2005-01-11,105.pdf,"2013-03-12 07:36:41","2013-03-12 12:43:32"
"PolyOne Plasticizer","PolyOne Corporation",Plasticizer,0,0,0,0,"2005-01-11 19:04:47",0,2005-01-11,106.pdf,"2013-03-12 07:36:41","2013-03-12 12:43:32"
"Tex Out","Texas Screen Process Supply Co.","Spot Remover",0,0,0,0,"2005-01-11 19:06:19",0,2005-01-11,107.pdf,"2013-03-12 07:36:41","2013-03-12 12:43:32"
"UV Reducer RE302","Nazdar Shawnee",Thinner,0,0,0,0,"2005-01-11 19:09:16",0,2005-01-11,108.pdf,"2013-03-12 07:36:41","2013-03-12 12:43:32"
Kiwocol,Kiwo,"Polymer emulsion",0,0,0,0,"2005-01-11 19:11:21",0,2005-01-11,109.pdf,"2013-03-12 07:36:41","2013-03-12 12:43:32"
"System 2 Gloss Vinyl Retarder S231","Nazdar Shawnee",Retarder,0,0,0,0,"2005-01-11 19:14:42",0,2005-01-11,110.pdf,"2013-03-12 07:36:41","2013-03-12 12:43:32"
"Non Hardening Univ. Fixer Replenisher (RTU)","Allied Photo Products, Inc.","Photographic Fixer",0,0,0,0,"2011-09-15 14:05:39",0,2011-09-15,111.pdf,"2013-03-12 07:36:41","2013-03-12 12:43:32"
"Network Rapid Developer Replensher(RTU)","Allied Phot Prod. Inc.","Photographic Developer",0,0,0,0,"2011-09-15 14:07:37",0,2011-09-15,112.pdf,"2013-03-12 07:36:41","2013-03-12 12:43:33"
"Activator #304 Aerosol","Uncommon Conglomerates, Inc","Cured Adhesive Remover/Aerosol Accelerator",0,0,0,0,"2011-09-19 15:11:08",0,2011-09-19,113.pdf,"2013-03-12 07:36:41","2013-03-12 12:43:33"
"Para Blocks & Crystals","Lagasse Brothers"," ",0,0,0,0,"2005-01-11 19:25:27",0,2005-01-11,114.pdf,"2013-03-12 07:36:41","2013-03-12 12:43:33"
"DA176 Catalyst","Nazdar Chicago",Catalyst,0,0,0,0,"2005-01-11 19:27:28",0,2005-01-11,115.pdf,"2013-03-12 07:36:41","2013-03-12 12:43:33"
"Expert Premium 303","Expert Worldwide","Scorch Remover",0,0,0,0,"2005-01-11 19:29:05",0,2005-01-11,116.pdf,"2013-03-12 07:36:41","2013-03-12 12:43:33"
"Sicomet D-Bond","Henkel Adhesives Corp.","Instant Adhesive Solvent",0,0,0,0,"2011-09-14 18:17:18",0,2011-09-14,117.pdf,"2013-03-12 07:36:41","2013-03-12 12:43:33"
"Loctite 712 Accelerator Tak Pak","Henkel Loctite Corp","Activator   ",0,0,0,0,"2005-01-11 19:33:12",0,2005-01-11,118.pdf,"2013-03-12 07:36:41","2013-03-12 12:43:33"
"KM 1630 semi gloss enamel","Kelly Moore Paint Co","all colors",0,0,0,0,,0,,,"2013-03-12 07:36:41","2013-03-12 07:36:41"
Attapulgite,"Milwhite Inc.","Gel B",0,0,0,0,"2005-01-11 19:36:54",0,2005-01-11,120.pdf,"2013-03-12 07:36:41","2013-03-12 12:43:33"
Bismuth,"Arsarco Inc.",,0,0,0,0,"2005-01-11 19:39:08",0,2005-01-11,121.pdf,"2013-03-12 07:36:41","2013-03-12 12:43:33"
"KM 1650 semi gloss enamel","Kelly Moore Paint Co","all colors",0,0,0,0,,0,,,"2013-03-12 07:36:41","2013-03-12 07:36:41"
"KM 1275 semi gloss enamel","Kelly Moore Paint Co","all colors",0,0,0,0,,0,,,"2013-03-12 07:36:41","2013-03-12 07:36:41"
"Amigo Waterless Hand Cleaner","Carroll Co.","Hand Cleaner",0,0,0,0,"2005-01-11 19:44:16",0,2005-01-11,124.pdf,"2013-03-12 07:36:41","2013-03-12 12:43:33"
"Asphalt Roof Cement",Macklanburg-Duncan,Asphalt,0,0,0,0,"2005-01-11 19:46:03",0,2005-01-11,125.pdf,"2013-03-12 07:36:41","2013-03-12 12:43:33"
Bat-A-Way,"Dr. T's Nature Products, Inc",Repellant,0,0,0,0,"2005-01-11 19:51:35",0,2005-01-11,126.pdf,"2013-03-12 07:36:41","2013-03-12 12:43:33"
"Best Test Paper Cement","Union Rubber, Inc.",Heptane,0,0,0,0,"2005-01-11 19:54:59",0,2005-01-11,127.pdf,"2013-03-12 07:36:41","2013-03-12 12:43:33"
"Bravo Steam Machine Carpet Shampoo","Ranger Chemicals",,0,0,0,0,"2005-01-11 19:56:49",0,2005-01-11,128.pdf,"2013-03-12 07:36:41","2013-03-12 12:43:33"
"Kel-Guard Rust Inhibitive Enamel 1700 Series","Kelly Moore Paint Co","all colors",0,0,0,0,"2005-01-11 19:58:45",0,2005-01-11,129.pdf,"2013-03-12 07:36:41","2013-03-12 12:43:33"
"Sonite C-1502 part B","Smooth-On Inc","formulated polyol",0,0,0,0,"2011-09-14 18:19:58",0,2011-09-14,130.pdf,"2013-03-12 07:36:41","2013-03-12 12:43:33"
Unstick,"Seal Products Inc","heptane release solvent",0,0,0,0,"2005-01-11 20:21:27",0,2005-01-11,131.pdf,"2013-03-12 07:36:41","2013-03-12 12:43:33"
"Carpet Guard","Shield Industries","Liquid Cleaning Compound",0,0,0,0,"2005-01-11 20:23:40",0,2005-01-11,132.pdf,"2013-03-12 07:36:41","2013-03-12 12:43:33"
"Check Mark D-221","Chemsearch Division of NCH Corp.","Aqueous Disinfectant",0,0,0,0,"2005-01-11 20:27:13",0,2005-01-11,133.pdf,"2013-03-12 07:36:41","2013-03-12 12:43:33"
"Fast & Easy ","Spartan Chemical Co.","cleaning compound",0,0,0,0,"2005-01-11 20:29:03",0,2005-01-11,134.pdf,"2013-03-12 07:36:41","2013-03-12 12:43:33"
"Red Orange Air Dry Paint","Engelhard Corp",60-1045,0,0,0,0,"2005-01-11 20:34:35",0,2005-01-11,135.pdf,"2013-03-12 07:36:41","2013-03-12 12:43:33"
"Wine Air Dry Paint","Engelhard Corp",60-1048,0,0,0,0,"2005-01-11 20:36:13",0,2005-01-11,136.pdf,"2013-03-12 07:36:41","2013-03-12 12:43:33"
"Air Brush Brown Spray paint","Engelhard Corp",69-0034,0,0,0,0,"2005-01-11 20:37:52",0,2005-01-11,137.pdf,"2013-03-12 07:36:41","2013-03-12 12:43:33"
"Air Brush Yellow Spray paint","Engelhard Corp",60-1043,0,0,0,0,,0,,,"2013-03-12 07:36:41","2013-03-12 07:36:41"
"CS101 Raoch & Ant Spray","Quest Chemical",Insecticide,0,0,0,0,"2005-01-11 20:41:25",0,2005-01-11,139.pdf,"2013-03-12 07:36:41","2013-03-12 12:43:33"
"Truecast 40","Industrial Polymers",1,0,0,0,0,"2007-05-02 12:21:23",0,2007-05-02,140.pdf,"2013-03-12 07:36:41","2013-03-12 12:43:33"
"Rimcast 100","Industrial Polymers"," ",0,0,0,0,"2011-09-19 15:17:45",0,2011-09-19,141.pdf,"2013-03-12 07:36:41","2013-03-12 12:43:33"
"Liquitex Basics paint","ColArt Americas Inc","acrylic paint-all colors",0,0,0,0,"2005-01-11 20:48:02",0,2005-01-11,142.pdf,"2013-03-12 07:36:41","2013-03-12 12:43:33"
"Liquitex Medium Viscosity Acrylic Colors","ColArt Americas Inc","acrylic paint-all colors",0,0,0,0,"2005-01-11 20:49:49",0,2005-01-11,143.pdf,"2013-03-12 07:36:41","2013-03-12 12:43:33"
"Liquitex Medium Viscosity Cadmium Colors","ColArt Americas Inc","acrylic paint-cadmium colors",0,0,0,0,"2005-01-11 20:51:33",0,2005-01-11,144.pdf,"2013-03-12 07:36:41","2013-03-12 12:43:33"
"Liquitex High Viscosity Acrylic Colors","ColArt Americas Inc","acrylic paint-all colors",0,0,0,0,"2005-01-11 20:55:14",0,2005-01-11,145.pdf,"2013-03-12 07:36:41","2013-03-12 12:43:33"
"MX Ink - Flourescent Pink","PolyOne Corporation","Wilflex Mixing Ink",0,0,0,0,"2005-01-11 20:58:10",0,2005-01-11,146.pdf,"2013-03-12 07:36:41","2013-03-12 12:43:33"
"Ficam W - CR 4944","AgrEvo USA Co.",Pesticide,0,0,0,0,"2005-01-11 21:00:26",0,2005-01-11,147.pdf,"2013-03-12 07:36:41","2013-03-12 12:43:33"
"MX Ink - Yellow","PolyOne Corporation","Wilflex Mixing Ink",0,0,0,0,"2005-01-11 21:02:34",0,2005-01-11,148.pdf,"2013-03-12 07:36:41","2013-03-12 12:43:33"
"Food Grade Silicone Aerosol-03040","CRC Ind.","Silicone  ",0,0,0,0,"2005-01-11 21:09:47",0,2005-01-11,149.pdf,"2013-03-12 07:36:41","2013-03-12 12:43:33"
Foray,"Ansul Incorporated","Dry Chem. Extin. Agent",0,0,0,0,"2005-01-11 21:12:10",0,2005-01-11,150.pdf,"2013-03-12 07:36:41","2013-03-12 12:43:33"
"Formula 50","Zep Manufacturing Co.",,0,0,0,0,"2011-09-15 14:21:28",0,2011-09-15,151.pdf,"2013-03-12 07:36:41","2013-03-12 12:43:33"
"Liquid Cleaning Compound","ABC Compounding Co. of TX","Disinfectant Cleaner",0,0,0,0,"2005-01-11 21:15:44",0,2005-01-11,152.pdf,"2013-03-12 07:36:41","2013-03-12 12:43:33"
"Gallery Glass Liquid Leading","Plaid Enterprises",,0,0,0,0,"2005-01-11 21:20:20",0,2005-01-11,153.pdf,"2013-03-12 07:36:41","2013-03-12 12:43:33"
"MX Ink - Green","PolyOne Corporation","Wilflex Mixing Ink",0,0,0,0,"2005-01-11 21:22:29",0,2005-01-11,154.pdf,"2013-03-12 07:36:41","2013-03-12 12:43:33"
"High Strength Threadlocker - 271","Loctite Corp.",Anaerobic,0,0,0,0,"2005-01-11 21:24:10",0,2005-01-11,155.pdf,"2013-03-12 07:36:41","2013-03-12 12:43:34"
"MX Ink - Blue","PolyOne Corporation","Wilflex Mixing Ink",0,0,0,0,"2005-01-11 21:25:46",0,2005-01-11,156.pdf,"2013-03-12 07:36:41","2013-03-12 12:43:34"
"Industrial Lead Acid Batteries","Hawker Powersource",Batteries,0,0,0,0,"2005-01-11 21:27:47",0,2005-01-11,157.pdf,"2013-03-12 07:36:41","2013-03-12 12:43:34"
"Invisible Blue Pigment","Day Glo Color Corp","Synthetic Organic Colorant",0,0,0,0,"2005-01-11 21:31:04",0,2005-01-11,158.pdf,"2013-03-12 07:36:41","2013-03-12 12:43:34"
"MX Ink - Marine","PolyOne Corporation","Wilflex Mixing Ink",0,0,0,0,"2005-01-11 21:32:30",0,2005-01-11,159.pdf,"2013-03-12 07:36:41","2013-03-12 12:43:34"
"MX Ink - Finesse","PolyOne Corporation","Wilflex Mixing Ink",0,0,0,0,"2005-01-11 21:34:02",0,2005-01-11,160.pdf,"2013-03-12 07:36:41","2013-03-12 12:43:34"
"Knock Out Co2 Aerosol",Kernite,pyrethrin,0,0,0,0,"2005-01-11 21:35:51",0,2005-01-11,161.pdf,"2013-03-12 07:36:41","2013-03-12 12:43:34"
"MX Ink - Flourescent Blue","PolyOne Corporation","Wilflex Mixing Ink",0,0,0,0,"2011-09-15 13:36:54",0,2011-09-15,162.pdf,"2013-03-12 07:36:41","2013-03-12 12:43:34"
"MX Ink - Flourescent Yellow","PolyOne Corporation","Wilflex Mixing Ink",0,0,0,0,"2005-01-11 21:41:07",0,2005-01-11,163.pdf,"2013-03-12 07:36:41","2013-03-12 12:43:34"
"MX Ink - Flourescent Purple","PolyOne Corporation","Wilflex Mixing Ink",0,0,0,0,"2005-01-11 21:42:46",0,2005-01-11,164.pdf,"2013-03-12 07:36:41","2013-03-12 12:43:34"
"Latex Paste Products","Custom Building Products",,0,0,0,0,"2005-01-11 21:44:20",0,2005-01-11,165.pdf,"2013-03-12 07:36:41","2013-03-12 12:43:34"
"Liquid Nails","ICI Paints North America",Adhesive,0,0,0,0,"2005-01-11 21:46:05",0,2005-01-11,166.pdf,"2013-03-12 07:36:41","2013-03-12 12:43:34"
"MX Ink - Flourescent Red","PolyOne Corporation","Wilflex Mixing Ink",0,0,0,0,"2005-01-11 21:47:22",0,2005-01-11,167.pdf,"2013-03-12 07:36:41","2013-03-12 12:43:34"
"Lysol Foaming Disinfectant Cleaner","L&F Products",,0,0,0,0,"2005-01-18 17:14:18",0,2005-01-18,168.pdf,"2013-03-12 07:36:41","2013-03-12 12:43:34"
"M1 Nail Hole/Corner Filler","American Art Clay Co.",,0,0,0,0,"2005-01-18 17:16:41",0,2005-01-18,169.pdf,"2013-03-12 07:36:41","2013-03-12 12:43:34"
"Micro Time Mist w/odor counteractant","Waterbury co.","all fragrances",0,0,0,0,"2005-01-18 17:23:29",0,2005-01-18,170.pdf,"2013-03-12 07:36:41","2013-03-12 12:43:34"
"MX Ink - Violet","PolyOne Corporation","Wilflex Mixing Ink",0,0,0,0,"2005-01-18 17:25:38",0,2005-01-18,171.pdf,"2013-03-12 07:36:41","2013-03-12 12:43:34"
"MX Ink - Black","PolyOne Corporation","Wilflex Mixing Ink",0,0,0,0,"2005-01-18 18:03:10",0,2005-01-18,172.pdf,"2013-03-12 07:36:41","2013-03-12 12:43:34"
"Oatey Purple Primer NSF","Oatey Company",,0,0,0,0,,0,,,"2013-03-12 07:36:41","2013-03-12 07:36:41"
"MX Ink - Orange","PolyOne Corporation","Wilflex Mixing Ink",0,0,0,0,"2005-01-18 18:25:11",0,2005-01-18,174.pdf,"2013-03-12 07:36:41","2013-03-12 12:43:34"
"Photomount Adhesive","3M Center",Adhesive,0,0,0,0,"2011-09-15 13:45:17",0,2011-09-15,175.pdf,"2013-03-12 07:36:41","2013-03-12 12:43:34"
"DC Pine","Triple S",Cleaner/Disinfectant,0,0,0,0,"2005-01-18 18:41:13",0,2005-01-18,176.pdf,"2013-03-12 07:36:41","2013-03-12 12:43:34"
"MX Ink - Red","PolyOne Corporation","Wilflex Mixing Ink",0,0,0,0,"2005-01-18 18:44:11",0,2005-01-18,177.pdf,"2013-03-12 07:36:41","2013-03-12 12:43:34"
"MX Ink - Magenta","PolyOne Corporation","Wilflex Mixing Ink",0,0,0,0,"2005-01-18 18:45:55",0,2005-01-18,178.pdf,"2013-03-12 07:36:41","2013-03-12 12:43:34"
"MX Ink - White","PolyOne Corporation","Wilflex Mixing Ink",0,0,0,0,"2005-01-18 18:53:08",0,2005-01-18,179.pdf,"2013-03-12 07:36:41","2013-03-12 12:43:34"
"Plus Fifty B","Ansul Incorporated","Dry Chem. Extin. Agent",0,0,0,0,"2005-01-18 18:54:46",0,2005-01-18,180.pdf,"2013-03-12 07:36:41","2013-03-12 12:43:34"
"Chromaflo Light Orange","Plasticolors Inc.",Pigment,0,0,0,0,"2005-01-18 18:56:50",0,2005-01-18,181.pdf,"2013-03-12 07:36:41","2013-03-12 12:43:34"
"Chromaflo Dark Brown","Plasticolors Inc.",Pigment,0,0,0,0,"2005-01-18 20:37:28",0,2005-01-18,182.pdf,"2013-03-12 07:36:41","2013-03-12 12:43:34"
"Colormatch Pumpable White","Plasticolors Inc.",Pigment,0,0,0,0,"2005-01-18 19:01:26",0,2005-01-18,183.pdf,"2013-03-12 07:36:41","2013-03-12 12:43:34"
"Colormatch White Antifloat","Plasticolors Inc.",Pigment,0,0,0,0,"2005-10-26 14:07:02",0,2005-10-26,184.pdf,"2013-03-12 07:36:41","2013-03-12 12:43:34"
Comet,"Proctor & Gamble","Abrasive Cleaner",0,0,0,0,"2005-01-18 19:07:43",0,2005-01-18,185.pdf,"2013-03-12 07:36:41","2013-03-12 12:43:34"
"Prentox Larva Lur","Prentiss Inc.",Insecticide,0,0,0,0,"2011-09-15 14:02:14",0,2011-09-15,186.pdf,"2013-03-12 07:36:41","2013-03-12 12:43:34"
"Colormatch Orange #30","Plasticolors Inc.",Pigment,0,0,0,0,"2007-05-02 12:21:23",0,2007-05-02,187.pdf,"2013-03-12 07:36:41","2013-03-12 12:43:34"
"Colormatch Black","Plasticolors Inc.",Pigment,0,0,0,0,"2005-01-18 19:21:09",0,2005-01-18,190.pdf,"2013-03-12 07:36:41","2013-03-12 12:43:34"
"Rhdorsil Silicone Fluid","Bacharach, Inc.","Silicone Pump Lubricant",0,0,0,0,,0,,,"2013-03-12 07:36:41","2013-03-12 07:36:41"
"Colormatch Light Brown #30","Plasticolors Inc.",Pigment,0,0,0,0,"2011-09-14 18:38:15",0,2011-09-14,194.pdf,"2013-03-12 07:36:41","2013-03-12 12:43:34"
"Roll-On Stamp Pad Inker","Sanford Corp.","Blk,Blue,Brn,Grn,Red,Violet",0,0,0,0,"2005-01-18 19:37:42",0,2005-01-18,196.pdf,"2013-03-12 07:36:41","2013-03-12 12:43:35"
"Rust Tough-Aerosol Paints & Primers","Krylon Products Group",Aluminum,0,0,0,0,,0,,,"2013-03-12 07:36:41","2013-03-12 07:36:41"
"Rust Tough-Aerosol Paints & Primers","Krylon Products Group","Quick Dry Gray Primer",0,0,0,0,,0,,,"2013-03-12 07:36:41","2013-03-12 07:36:41"
"Scotch Grip 1099","3M Center","Plastic Adhesive",0,0,0,0,"2011-09-14 18:44:59",0,2011-09-14,199.pdf,"2013-03-12 07:36:41","2013-03-12 12:43:35"
"Sight Savers","Bausch & Lomb Inc.","Anti Fog Liquid",0,0,0,0,"2005-01-18 19:50:57",0,2005-01-18,201.pdf,"2013-03-12 07:36:41","2013-03-12 12:43:35"
"Norox MEKP-9","Norac, Inc.","Methyl Ethyl Ketone Peroxide",0,0,0,0,"2007-01-11 19:12:17",0,2007-01-11,203.pdf,"2013-03-12 07:36:41","2013-03-12 12:43:35"
"Truecast 55-Slow","Industrial Polymers","Synthetic Urethane Polymer",0,0,0,0,"2007-02-13 19:30:57",0,2007-02-13,204.pdf,"2013-03-12 07:36:41","2013-03-12 12:43:35"
"Strait Line Marking Chalk","American Tool Companies",White,0,0,0,0,"2005-01-18 20:22:27",0,2005-01-18,205.pdf,"2013-03-12 07:36:41","2013-03-12 12:43:35"
"Colormatch Dark Red RV","Plasticolors Inc.",Pigment,0,0,0,0,"2011-09-19 18:55:36",0,2011-09-19,206.pdf,"2013-03-12 07:36:41","2013-03-12 12:43:35"
"System 2 Gloss Vinyl Screen Ink","Nazdar Shwnee","Screen Ink",0,0,0,0,"2005-01-18 20:26:37",0,2005-01-18,207.pdf,"2013-03-12 07:36:41","2013-03-12 12:43:35"
"Chromaflo Orange #30","Plasticolors Inc.",Pigment,0,0,0,0,"2005-01-18 20:28:10",0,2005-01-18,208.pdf,"2013-03-12 07:36:41","2013-03-12 12:43:35"
"Colormatch Dark Brown RV","Plasticolors Inc.",Pigment,0,0,0,0,"2011-09-19 15:29:17",0,2011-09-19,209.pdf,"2013-03-12 07:36:41","2013-03-12 12:43:35"
Talc,"Luzenac America","Talcum,Soapstone",0,0,0,0,"2005-01-18 20:39:44",0,2005-01-18,210.pdf,"2013-03-12 07:36:41","2013-03-12 12:43:35"
"Colormatch Flesh II","Plasticolors Inc.",Pigment,0,0,0,0,"2005-01-18 20:43:24",0,2005-01-18,212.pdf,"2013-03-12 07:36:41","2013-03-12 12:43:35"
"LHS Pink Lotion Hand Soap","Triple S","Hand Soap",0,0,0,0,"2005-01-18 20:45:01",0,2005-01-18,213.pdf,"2013-03-12 07:36:41","2013-03-12 12:43:35"
"Time Mist Metered Aerosol","Asepsis Products","Linen Frsh,Vanilla,With A Twist",0,0,0,0,"2005-01-18 20:50:34",0,2005-01-18,214.pdf,"2013-03-12 07:36:41","2013-03-12 12:43:35"
"Colormatch Light Orange #10","Plasticolors Inc.",Pigment,0,0,0,0,"2008-04-17 18:35:55",0,2008-04-17,215.pdf,"2013-03-12 07:36:41","2013-03-12 12:43:35"
"Colormatch White   ","Plasticolors Inc.",Pigment,0,0,0,0,"2005-01-18 20:53:56",0,2005-01-18,216.pdf,"2013-03-12 07:36:41","2013-03-12 12:43:35"
"Chromaflo Flesh","Plasticolors Inc.",Pigment,0,0,0,0,"2005-01-18 20:55:33",0,2005-01-18,217.pdf,"2013-03-12 07:36:41","2013-03-12 12:43:35"
"Vac-U-Mount 6096","3M Center",Adhesive,0,0,0,0,"2005-01-18 20:59:38",0,2005-01-18,219.pdf,"2013-03-12 07:36:41","2013-03-12 12:43:35"
"Dap Vinyl Spackling","DAP, Inc","Vinyl Spackling",0,0,0,0,"2011-09-20 13:49:43",0,2011-09-20,220.pdf,"2013-03-12 07:36:41","2013-03-12 12:43:35"
"Chromaflo Banana Light","Plasticolors Inc.",Pigment,0,0,0,0,"2005-01-18 21:11:52",0,2005-01-18,223.pdf,"2013-03-12 07:36:41","2013-03-12 12:43:35"
"Colormatch Flesh III","Plasticolors Inc.",Pigment,0,0,0,0,"2008-04-17 18:35:55",0,2008-04-17,224.pdf,"2013-03-12 07:36:41","2013-03-12 12:43:35"
"Colormatch Banana Yellow","Plasticolors Inc.",Pigment,0,0,0,0,"2011-09-14 20:08:42",0,2011-09-14,225.pdf,"2013-03-12 07:36:41","2013-03-12 12:43:36"
"Yellow 77","Ideal Industries, Inc","Wire Pulling Lubricant",0,0,0,0,"2005-01-18 21:19:26",0,2005-01-18,226.pdf,"2013-03-12 07:36:41","2013-03-12 12:43:36"
"Chevron Antifreeze","Chevron Products Co.",Antifreeze,0,0,0,0,"2005-01-18 21:21:13",0,2005-01-18,227.pdf,"2013-03-12 07:36:41","2013-03-12 12:43:36"
"Zep Amine A","Enforcer Products Inc.",Disinfectant/Sanitizer,0,0,0,0,"2005-01-18 21:23:51",0,2005-01-18,228.pdf,"2013-03-12 07:36:41","2013-03-12 12:43:36"
"Assembly Lubricant with PTFE","Radiator Specialty Co. (Gunk)",Lubricant,0,0,0,0,"2005-01-18 21:25:54",0,2005-01-18,229.pdf,"2013-03-12 07:36:41","2013-03-12 12:43:36"
"Chromaflo Pink","Plasticolors Inc.",Pigment,0,0,0,0,"2005-01-18 21:27:33",0,2005-01-18,230.pdf,"2013-03-12 07:36:41","2013-03-12 12:43:36"
"Chromaflo Dark Red","Plasticolors Inc.",Pigment,0,0,0,0,"2005-01-18 21:29:06",0,2005-01-18,231.pdf,"2013-03-12 07:36:41","2013-03-12 12:43:36"
"Chromaflo Olive Green","Plasticolors Inc.",Pigment,0,0,0,0,"2005-01-18 21:31:17",0,2005-01-18,232.pdf,"2013-03-12 07:36:41","2013-03-12 12:43:36"
"Foamy Q & A","Spartan Chemical Co.","Disinfectant Cleaner",0,0,0,0,"2005-01-18 21:33:17",0,2005-01-18,233.pdf,"2013-03-12 07:36:41","2013-03-12 12:43:36"
"Lysol Disinfectant Spray Fresh","Lehn & Fink Products Co.","Disinfectant Spray",0,0,0,0,"2005-01-18 21:37:30",0,2005-01-18,234.pdf,"2013-03-12 07:36:41","2013-03-12 12:43:36"
"Endust Cloth & Mop Spray Aerosol","Drackett Products","Furniture Polish",0,0,0,0,"2005-01-18 21:43:25",0,2005-01-18,235.pdf,"2013-03-12 07:36:41","2013-03-12 12:43:36"
"Windex ","Drackett Products","Glass Cleaner",0,0,0,0,"2005-01-18 21:45:08",0,2005-01-18,236.pdf,"2013-03-12 07:36:41","2013-03-12 12:43:36"
"3 in One Household Oil","Boyle-Midway Inc.","Lubricating Oil",0,0,0,0,"2005-01-25 13:40:13",0,2005-01-25,237.pdf,"2013-03-12 07:36:41","2013-03-12 12:43:36"
"Goof Off ","Valspar Corp","Aerosol Paint Remover",0,0,0,0,"2005-01-25 13:42:41",0,2005-01-25,238.pdf,"2013-03-12 07:36:41","2013-03-12 12:43:36"
"Liqiud Paper Correction Fluid","Sanford Corp.","all colors",0,0,0,0,,0,,,"2013-03-12 07:36:41","2013-03-12 07:36:41"
"Crystal Cast","Industrial Polymers","Aliphatic Isocyanate Mixture",0,0,0,0,"2005-01-25 13:58:16",0,2005-01-25,241.pdf,"2013-03-12 07:36:41","2013-03-12 12:43:36"
"Sharpie #15",Markel,"all colors",0,0,0,0,,0,,,"2013-03-12 07:36:41","2013-03-12 07:36:41"
"Provincial 211","Minwax Company Inc.","Interior Wood Finish",0,0,0,0,,0,,,"2013-03-12 07:36:41","2013-03-12 07:36:41"
"Propane Cylinder #74-98-6",Bernz-O-Matic,,0,0,0,0,"2005-01-25 14:05:14",0,2005-01-25,244.pdf,"2013-03-12 07:36:41","2013-03-12 12:43:36"
"Krylon Matte Finish Spray Coating #1311","Krylon Products Group",Paint,0,0,0,0,"2005-01-25 14:07:21",0,2005-01-25,245.pdf,"2013-03-12 07:36:41","2013-03-12 12:43:36"
"Flat White Paint","Krylon Products Group",Paint,0,0,0,0,,0,,,"2013-03-12 07:36:41","2013-03-12 07:36:41"
"Chase Dust Towel Treatment","Chase Products",Cleaner,0,0,0,0,,0,,,"2013-03-12 07:36:41","2013-03-12 07:36:41"
"59000 Enamel Plus Gloss","Nazdar Chicago","Screen Ink",0,0,0,0,"2005-01-25 14:15:30",0,2005-01-25,248.pdf,"2013-03-12 07:36:41","2013-03-12 12:43:36"
"Lubriko M-32 Grease","Master Lubricants",Lubricant,0,0,0,0,"2005-01-25 14:18:39",0,2005-01-25,249.pdf,"2013-03-12 07:36:41","2013-03-12 12:43:36"
"Mobil Vactra Oil 2 - Way Oil","Mobil Oil Corp.","Lubricating Oil",0,0,0,0,,0,,,"2013-03-12 07:36:41","2013-03-12 07:36:41"
"Protocast 100","Industrial Polymers"," ",0,0,0,0,"2005-01-25 15:05:26",0,2005-01-25,251.pdf,"2013-03-12 07:36:41","2013-03-12 12:43:36"
"Novus Plastic Polish #2","Novus Inc.","Plastic Polish",0,0,0,0,"2005-01-25 15:47:07",0,2005-01-25,255.pdf,"2013-03-12 07:36:41","2013-03-12 12:43:36"
"Novus Plastic Polish #3","Novus Inc.","Plastic Polish",0,0,0,0,"2005-01-25 15:48:32",0,2005-01-25,256.pdf,"2013-03-12 07:36:41","2013-03-12 12:43:36"
"Super Hard Shell Paste","Turtle Wax","Paste Wax",0,0,0,0,"2005-01-25 15:50:21",0,2005-01-25,257.pdf,"2013-03-12 07:36:41","2013-03-12 12:43:36"
"E-108 WC","Silpak Inc","Epoxy Resin Mixture",0,0,0,0,"2005-01-25 15:52:45",0,2005-01-25,258.pdf,"2013-03-12 07:36:41","2013-03-12 12:43:36"
"Truecast 40 Unpigmented","Industrial Polymers",,0,0,0,0,,0,,,"2013-03-12 07:36:41","2013-03-12 07:36:41"
"Titebond Original Wood Glue","Franklin International","Wood Glue",0,0,0,0,"2005-01-25 15:58:46",0,2005-01-25,260.pdf,"2013-03-12 07:36:41","2013-03-12 12:43:36"
"Crystal Clear Resin EP4101","Eager Plastics Inc.","Casting Resin",0,0,0,0,,0,,,"2013-03-12 07:36:41","2013-03-12 07:36:41"
"Polyester Catalyst  EP4101- Part B","Eager Plastics Inc.",Hardener,0,0,0,0,"2005-01-25 16:24:58",0,2005-01-25,262.pdf,"2013-03-12 07:36:41","2013-03-12 12:43:36"
"Super Bonder 430 ","Henkel Loctite Corp","Instant Adhesive",0,0,0,0,"2005-01-25 16:27:13",0,2005-01-25,263.pdf,"2013-03-12 07:36:41","2013-03-12 12:43:36"
"Joy ","Proctor & Gamble","Dish Washing Detergent",0,0,0,0,"2005-01-25 16:29:15",0,2005-01-25,264.pdf,"2013-03-12 07:36:41","2013-03-12 12:43:36"
"Krylon  1602- Spray Paint","Sherwin Williams Co.","Flat Black",0,0,0,0,,0,,,"2013-03-12 07:36:41","2013-03-12 07:36:41"
"Krylon  1601- Spray Paint","Sherwin Williams Co.","Glossy Black",0,0,0,0,,0,,,"2013-03-12 07:36:41","2013-03-12 07:36:41"
"Mazola No Stick","CPC Internation Inc.","Cooking Spray",0,0,0,0,"2005-01-25 16:35:26",0,2005-01-25,267.pdf,"2013-03-12 07:36:41","2013-03-12 12:43:37"
"Weldwood Contact Cement","DAP, Inc",Adhesive,0,0,0,0,,0,,,"2013-03-12 07:36:41","2013-03-12 07:36:41"
"Crystex Oil AF-M - Colorless","Lyondell Lubricants","Sewing Machine Oil",0,0,0,0,"2005-01-25 18:39:03",0,2005-01-25,270.pdf,"2013-03-12 07:36:41","2013-03-12 12:43:37"
"Tex Best  100 ","Graphic Solutions Group","Frame Adhesive",0,0,0,0,"2005-01-25 18:44:02",0,2005-01-25,271.pdf,"2013-03-12 07:36:41","2013-03-12 12:43:37"
"Hydrogen Oxide","Occidental Chemical Corp","Polyvinyl Chloride",0,0,0,0,"2005-01-25 18:46:32",0,2005-01-25,272.pdf,"2013-03-12 07:36:41","2013-03-12 12:43:37"
"400 R Reclaimer","Tetko Ink.",,0,0,0,0,"2005-01-25 18:48:38",0,2005-01-25,273.pdf,"2013-03-12 07:36:41","2013-03-12 12:43:37"
"Plastihall DIDP","Ester Solutions Co.","Diisodecyl Phthalate",0,0,0,0,,0,,,"2013-03-12 07:36:41","2013-03-12 07:36:41"
"Universal Mesh Prep","Autotype Americas","Dilute Solution",0,0,0,0,"2005-01-25 18:56:33",0,2005-01-25,275.pdf,"2013-03-12 07:36:41","2013-03-12 12:43:37"
"HC 100 Screen Clarifier","Chemical Consultants, Inc.","Ghost/Image Stain Remover",0,0,0,0,"2005-01-25 19:00:58",0,2005-01-25,276.pdf,"2013-03-12 07:36:41","2013-03-12 12:43:37"
"Press Wash LV","Chemical Consultants, Inc.","Press Spray and Wipe",0,0,0,0,"2005-01-25 19:03:46",0,2005-01-25,277.pdf,"2013-03-12 07:36:41","2013-03-12 12:43:37"
"3M Scotch Weld","3M Center","Epoxy Adhesive",0,0,0,0,"2005-01-25 19:13:16",0,2005-01-25,279.pdf,"2013-03-12 07:36:41","2013-03-12 12:43:37"
"R-1324 SP A","Silpak Inc"," ",0,0,0,0,"2005-01-11 16:47:25",0,2005-01-11,280.pdf,"2013-03-12 07:36:41","2013-03-12 12:43:37"
"Loctite Prism 403","Henkel Loctite Corp","Instant Adhesive",0,0,0,0,"2005-01-25 19:21:59",0,2005-01-25,281.pdf,"2013-03-12 07:36:41","2013-03-12 12:43:37"
"Therm-Chek 120 LOHF  450lb drum","Ferro Corporation","Polymer Additive",0,0,0,0,"2005-01-25 19:25:13",0,2005-01-25,282.pdf,"2013-03-12 07:36:41","2013-03-12 12:43:37"
"Therm-Chek SP151  450lb drum","Ferro Corporation","Polymer Additive",0,0,0,0,"2005-01-25 19:29:26",0,2005-01-25,284.pdf,"2013-03-12 07:36:41","2013-03-12 12:43:37"
"So Cure","Smooth On","Polyurethane Catalyst",0,0,0,0,"2005-01-25 19:31:13",0,2005-01-25,285.pdf,"2013-03-12 07:36:41","2013-03-12 12:43:37"
"Printers Pick","Chemsearch Division of NCH Corp.",Aerosol,0,0,0,0,"2005-01-25 19:34:32",0,2005-01-25,286.pdf,"2013-03-12 07:36:41","2013-03-12 12:43:37"
"Stick It Spray Adhesive","Frederickseal Inc.",Adhesive,0,0,0,0,"2005-01-25 19:36:45",0,2005-01-25,287.pdf,"2013-03-12 07:36:41","2013-03-12 12:43:37"
"Smooth Lith VS - 2150","Boston Printing Ink Division","Offset Compound",0,0,0,0,"2005-01-25 19:40:46",0,2005-01-25,288.pdf,"2013-03-12 07:36:41","2013-03-12 12:43:37"
"Anti Set-Off Powders","Day International Chemical Products","Offset Powder",0,0,0,0,"2005-01-25 19:44:34",0,2005-01-25,289.pdf,"2013-03-12 07:36:41","2013-03-12 12:43:37"
"Foaming Hand Cleaner","Spray Way Inc","Foam Hand Cleaner",0,0,0,0,"2005-01-25 19:46:32",0,2005-01-25,290.pdf,"2013-03-12 07:36:41","2013-03-12 12:43:37"
"Airbrush Orange Spray 60-1047",Engelhard," ",0,0,0,0,"2005-01-11 20:40:09",0,2005-01-11,291.pdf,"2013-03-12 07:36:41","2013-03-12 12:43:37"
"Liquid Bleach","KIK International","Household Bleach",0,0,0,0,"2005-01-25 19:54:53",0,2005-01-25,293.pdf,"2013-03-12 07:36:41","2013-03-12 12:43:37"
"ICC 846","Intercontinental Chemical Corp","Screen Clarifier",0,0,0,0,"2011-09-14 20:37:39",0,2011-09-14,294.pdf,"2013-03-12 07:36:41","2013-03-12 12:43:37"
"3M Scotch Weld-Low Odor Acrylic","3M Center",Adhesive,0,0,0,0,"2005-01-25 19:59:30",0,2005-01-25,295.pdf,"2013-03-12 07:36:41","2013-03-12 12:43:37"
"SP-103 Liquid Reducer","Flint Ink",,0,0,0,0,"2005-01-25 20:02:10",0,2005-01-25,296.pdf,"2013-03-12 07:36:41","2013-03-12 12:43:37"
"Polyester Resin","Plasticolors Inc."," ",0,0,0,0,"2005-01-25 20:06:31",0,2005-01-25,298.pdf,"2013-03-12 07:36:41","2013-03-12 12:43:37"
"CPS Screen Wash A7","Autotype Americas, Inc.","Screen Wash",0,0,0,0,"2005-01-25 20:09:24",0,2005-01-25,299.pdf,"2013-03-12 07:36:41","2013-03-12 12:43:37"
"MiniFibers Polyester Fiber","MiniFibers, Inc","PET Fiber, Polyester Binder Fiber",0,0,0,0,"2011-09-15 14:16:20",0,2011-09-15,300.pdf,"2013-03-12 07:36:41","2013-03-12 12:43:37"
"OOPS! Waterbased Latex Paint Remover","Homax Products, Inc.","Paint Remover",0,0,0,0,"2005-01-25 20:20:12",0,2005-01-25,301.pdf,"2013-03-12 07:36:41","2013-03-12 12:43:37"
"3XH51 Adhesive Plastic","3M Center"," ",0,0,0,0,,0,,,"2013-03-12 07:36:41","2013-03-12 07:36:41"
"In Mold Coatings","I.V.C. South, Inc.","IMC, Clear IMC Base",0,0,0,0,"2010-10-11 14:21:09",0,2010-10-11,303.pdf,"2013-03-12 07:36:41","2013-03-12 12:43:38"
"Loctite Vibra-Seal 516","Henkel Loctite Corp",Sealant,0,0,0,0,"2005-01-25 20:25:50",0,2005-01-25,304.pdf,"2013-03-12 07:36:41","2013-03-12 12:43:38"
"#1156 Brush Cleaner","Testor Corporation",Solvent,0,0,0,0,"2005-01-25 20:28:02",0,2005-01-25,305.pdf,"2013-03-12 07:36:41","2013-03-12 12:43:38"
"E-108 WC Clear","Silpak Inc",Epoxy,0,0,0,0,"2005-01-25 20:29:57",0,2005-01-25,306.pdf,"2013-03-12 07:36:41","2013-03-12 12:43:38"
"Plastijet XG Retarder","Sericol, Inc.","Screen Ink Reducer",0,0,0,0,"2005-01-25 20:31:33",0,2005-01-25,307.pdf,"2013-03-12 07:36:41","2013-03-12 12:43:38"
"Plastijet XG Series","Sericol, Inc.","Solvent Evaporative Screen Ink",0,0,0,0,"2005-01-25 20:33:33",0,2005-01-25,308.pdf,"2013-03-12 07:36:41","2013-03-12 12:43:38"
Uvantage,"Sericol, Inc.","Ultraviolet Curable Screen Ink",0,0,0,0,"2005-01-25 20:35:19",0,2005-01-25,309.pdf,"2013-03-12 07:36:41","2013-03-12 12:43:38"
"Pad Cleaner & Conditioner","Autoroll Machine Corp.","Solvent Blend",0,0,0,0,"2005-01-25 20:37:22",0,2005-01-25,310.pdf,"2013-03-12 07:36:41","2013-03-12 12:43:38"
"Wilflex Genesis Base","Wilfex Inc","Screen ink",0,0,0,0,"2005-01-25 20:39:08",0,2005-01-25,311.pdf,"2013-03-12 07:36:41","2013-03-12 12:43:38"
"White Striping","Rust-Oleum Corp.","Hard Hat-Traffic Zone Spray",0,0,0,0,"2005-01-25 20:41:33",0,2005-01-25,312.pdf,"2013-03-12 07:36:41","2013-03-12 12:43:38"
"Alkaline batteries ""No Mercury"" Formula","Rayovac Corporation",batteries,0,0,0,0,"2005-01-25 20:46:47",0,2005-01-25,313.pdf,"2013-03-12 07:36:41","2013-03-12 12:43:38"
"Speckoz Evercide Esfenvalerate EC","McLaughlin Gormley King Company","Pyrethroid Insecticide Concentrate",0,0,0,0,,0,,,"2013-03-12 07:36:41","2013-03-12 07:36:41"
"TEMPO SC Ultra Insecticide","Bayer Environmental Science","Pyrethroid Insecticide",0,0,0,0,"2005-01-25 20:51:01",0,2005-01-25,315.pdf,"2013-03-12 07:36:41","2013-03-12 12:43:38"
"Professional Lysol Brand Disinfectant Toilet Bowl Cleaner-Thick Formula","Reckitt Benckiser Inc.",Cleaner,0,0,0,0,"2005-01-25 20:54:59",0,2005-01-25,316.pdf,"2013-03-12 07:36:41","2013-03-12 12:43:38"
"Professional Vani-Sol Bulk Disinfectant Washroom Cleaner","Reckitt Benckiser Inc.",Cleaner,0,0,0,0,"2005-01-25 20:58:32",0,2005-01-25,317.pdf,"2013-03-12 07:36:41","2013-03-12 12:43:38"
"R-1324 SP A","Silpak Inc","Organopolysiloxane Mixture",0,0,0,0,,0,,,"2013-03-12 07:36:41","2013-03-12 07:36:41"
"R-503 Adhesive","IFS Industries, Inc.",Adhesive,0,0,0,0,"2005-06-22 20:59:57",0,2005-06-22,319.pdf,"2013-03-12 07:36:41","2013-03-12 12:43:38"
"Colormatch White #20","Plasticolors Inc.",Pigment,0,0,0,0,"2007-05-02 12:21:23",0,2007-05-02,320.pdf,"2013-03-12 07:36:41","2013-03-12 12:43:38"
"Remove Debonder","Adhesive Systems, Inc.",Nitromethane,0,0,0,0,"2005-10-25 19:16:12",0,2005-10-25,321.pdf,"2013-03-12 07:36:41","2013-03-12 12:43:38"
"Plexiglas MC Acrylic Sheet","Altuglas International","Acrylic Copolymer",0,0,0,0,"2005-10-25 19:22:15",0,2005-10-25,323.pdf,"2013-03-12 07:36:41","2013-03-12 12:43:38"
"Geon Vinyl Resin","PolyOne Corporation","Ethene,Chloro,homopolymer",0,0,0,0,"2005-10-25 19:23:36",0,2005-10-25,324.pdf,"2013-03-12 07:36:41","2013-03-12 12:43:38"
"Geon 172","PolyOne Corporation","Ethene,Chloro,homopolymer",0,0,0,0,"2005-10-25 19:25:09",0,2005-10-25,325.pdf,"2013-03-12 07:36:41","2013-03-12 12:43:38"
X-241,"Mavidon Medical Products","Laminator Cleaner",0,0,0,0,"2005-10-25 19:36:02",0,2005-10-25,326.pdf,"2013-03-12 07:36:41","2013-03-12 12:43:38"
"Stencil Remover 155","Sericol, Inc.","Screen Reclamation Chemical",0,0,0,0,"2005-10-25 20:12:24",0,2005-10-25,327.pdf,"2013-03-12 07:36:41","2013-03-12 12:43:38"
"Protocast 85R","Industrial Polymers","Polymeric Diphenylmethane diisocyanate (MDI",0,0,0,0,"2005-10-25 20:17:50",0,2005-10-25,328.pdf,"2013-03-12 07:36:41","2013-03-12 12:43:38"
"WRS Biolike","WRS Group","Plastisol - Solid/Liquid Forms",0,0,0,0,"2005-10-25 20:21:37",0,2005-10-25,331.pdf,"2013-03-12 07:36:41","2013-03-12 12:43:38"
"Ferrous Alloys","Greenfield Industries, Inc.","Steel Cutting Tools",0,0,0,0,,0,,,"2013-03-12 07:36:41","2013-03-12 07:36:41"
"Premiere Pro-Tec Plus Ice Melter","CP Industries","Ice Melter 50lb",0,0,0,0,"2011-09-19 18:48:56",0,2011-09-19,335.pdf,"2013-03-12 07:36:41","2013-03-12 12:43:38"
Kerosene,"T.W. Brown Oil Co. Inc.",Kerosene,0,0,0,0,"2005-12-16 20:03:27",0,2005-12-16,336.pdf,"2013-03-12 07:36:41","2013-03-12 12:43:38"
"Circulating and AW Gear Oil","AMSOIL, Inc.","Gear Oil",0,0,0,0,"2006-02-03 18:59:23",0,2006-02-03,337.pdf,"2013-03-12 07:36:41","2013-03-12 12:43:38"
"DA Series Nylon and Flock Adhesive Ink","Nazdar Chicago","Screen Ink",0,0,0,0,"2006-05-10 13:48:12",0,2006-05-10,338.pdf,"2013-03-12 07:36:41","2013-03-12 12:43:38"
"System 2 Gloss Vinyl Screen Ink","Nazdar Chicago","Screen Ink",0,0,0,0,"2011-09-15 13:10:41",0,2011-09-15,339.pdf,"2013-03-12 07:36:41","2013-03-12 12:43:38"
"System 2 Gloss Vinyl Screen Ink","Nazdar Chicago","Screen Ink",0,0,0,0,"2011-09-15 13:11:44",0,2011-09-15,340.pdf,"2013-03-12 07:36:41","2013-03-12 12:43:38"
"Antimony Trioxide","Vintex, Inc.","General Vinyl-Coated Products",0,0,0,0,"2011-09-19 19:03:12",0,2011-09-19,341.pdf,"2013-03-12 07:36:41","2013-03-12 12:43:38"
"Duracell Procell Professional Alkaline Batteries, AAA","Gillette Environment Health and Safety","Battery AAA",0,0,0,0,"2011-09-19 19:40:18",0,2011-09-19,342.pdf,"2013-03-12 07:36:41","2013-03-12 12:43:38"
"3M Adhesive Transfer Tape",3M,"Adhesive Tape",0,0,0,0,"2011-09-19 19:51:50",0,2011-09-19,343.pdf,"2013-03-12 07:36:41","2013-03-12 12:43:38"
"Propylene Glycol USP","Tem-Tex Solvents Corporation","Propylen Glycol",0,0,0,0,"2011-09-15 13:17:57",0,2011-09-15,344.pdf,"2013-03-12 07:36:41","2013-03-12 12:43:38"
"Rite-Lok Engineering Grade Instant Adhesive",3M,"Instant Adhesive PR851-20 & PR854-454",0,0,0,0,"2011-09-19 20:04:40",0,2011-09-19,345.pdf,"2013-03-12 07:36:41","2013-03-12 12:43:38"
"Enovation Economy Quick Wash 5gallon Pail",Fujifilm,"Enovation Economy Wash",0,0,0,0,"2011-09-19 20:22:25",0,2011-09-19,346.pdf,"2013-03-12 07:36:41","2013-03-12 12:43:38"
"HS 450-30A-10M-Natural A Comp","ITWC Urethane Solutions, Inc",,0,0,0,0,"2011-09-21 13:29:11",0,2011-09-21,348.pdf,"2013-03-12 07:36:41","2013-03-12 12:43:39"
"6Z635 - Soap Hand 4.5lb","Gojo Industries","Gojo - Lemon Hand Cleaner",0,0,0,0,"2010-02-25 16:31:08",0,2010-02-25,349.pdf,"2013-03-12 07:36:41","2013-03-12 12:43:39"
"2AP01 - Lens Towelette","Uvex Safety Inc.","Lens Towelette",0,0,0,0,"2010-02-25 16:30:36",0,2010-02-25,350.pdf,"2013-03-12 07:36:41","2013-03-12 12:43:39"
"Polymeric:4,4 Diphenlylmethane Diiscoyanate","Silpak Inc","HardcastA, SilcastA,Silcast I I A,Silplastic A, Siltec A, Surcast #9 A, Quickcast A, Slowcast A, Siltec-75A",0,0,0,0,"2010-02-25 16:29:59",0,2010-02-25,351.pdf,"2013-03-12 07:36:41","2013-03-12 12:43:39"
"Isocyanic Acid, Polymethylenepolyphenylene Ester","Industrial Polymers","Flex-Foam 300, Flex-Foam 600, Flex-Foam 800",0,0,0,0,"2011-09-21 13:25:24",0,2011-09-21,352.pdf,"2013-03-12 07:36:41","2013-03-12 12:43:39"
"GT Products X6154B","GT Products, Inc","Silicone Gel Curing Agent-soft",0,0,0,0,"2010-02-25 16:26:47",0,2010-02-25,353.pdf,"2013-03-12 07:36:41","2013-03-12 12:43:39"
"Preliminary Formulation Vibrathane EP 823/5 clone 1","Industrial Polymers",Polyurethane,0,0,0,0,"2011-09-20 12:48:39",0,2011-09-20,354.pdf,"2013-03-12 07:36:41","2013-03-12 12:43:39"
"GT Products X6153B","GT Products, Inc","Silicone Gel Curing Agent-firm",0,0,0,0,"2010-02-25 16:25:17",0,2010-02-25,355.pdf,"2013-03-12 07:36:41","2013-03-12 12:43:39"
Paraffin/Wax,Sciencelab.com,"Paraffin Wax/White Cake",0,0,0,0,"2010-07-15 12:52:10",0,2010-07-15,356.pdf,"2013-03-12 07:36:41","2013-03-12 12:43:39"
"Latex Liquid Mixture","Silpak Inc","RL-451-70, RL-451-80, RL-460 FL, RL-461, RL-561, RLM-460, RL Balloon, RL Spray, RL458",0,0,0,0,"2010-07-15 12:54:21",0,2010-07-15,357.pdf,"2013-03-12 07:36:41","2013-03-12 12:43:39"
"NABC Non-Acid Disinfectant Bathroom Cleaner","Spartan Chemical Company, Inc.",Disinfectants,0,0,0,0,"2011-09-20 13:11:59",0,2011-09-20,358.pdf,"2013-03-12 07:36:41","2013-03-12 12:43:39"
"GT Products X6152A","GT Products, Inc.",X6152A,0,0,0,0,"2010-11-15 17:36:50",0,2010-11-15,360.pdf,"2013-03-12 07:36:41","2013-03-12 12:43:39"
"Avatech 210 PO","Avatar Corporation","Process Oil",0,0,0,0,"2011-09-20 13:14:59",0,2011-09-20,361.pdf,"2013-03-12 07:36:41","2013-03-12 12:43:39"
"Crystal Clean 106 Mineral Spirits","Heritage-Crystal Clean, LLC","Mineral Spirits",0,0,0,0,"2011-09-20 13:21:56",0,2011-09-20,362.pdf,"2013-03-12 07:36:41","2013-03-12 12:43:39"
"Ridgid Dark Thread Cutting Oil","Ridge Tool Company","Dark Thread Cutting Oil",0,0,0,0,"2011-09-20 13:24:38",0,2011-09-20,363.pdf,"2013-03-12 07:36:41","2013-03-12 12:43:39"
"STE Process Oil","STE Oil Company, Inc","STE P-21",0,0,0,0,"2011-09-20 13:27:53",0,2011-09-20,364.pdf,"2013-03-12 07:36:41","2013-03-12 12:43:39"
"Winsor & Newton Winton Oil Colour","ColArt Americas, Inc.","Winsor & Newton Winton Oil Colour",0,0,0,0,"2011-09-20 13:34:30",0,2011-09-20,366.pdf,"2013-03-12 07:36:41","2013-03-12 12:43:39"
"DAP Spackling Paste","DAP, Inc.","Spackling Paste,Spackling Compound",0,0,0,0,,0,,,"2013-03-12 07:36:41","2013-03-12 07:36:41"
"Elmer's Carpeneter's Ext. Wood Filler","Elmer's Products, Inc.","Wood Filler",0,0,0,0,"2011-09-20 13:53:49",0,2011-09-20,371.pdf,"2013-03-12 07:36:41","2013-03-12 12:43:39"
"Krylon Int/Ext Enamel, 1501 Glossy White","Krylon Sherwin Williams Co","Krylon Glossy White",0,0,0,0,"2011-09-20 13:56:05",0,2011-09-20,372.pdf,"2013-03-12 07:36:41","2013-03-12 12:43:39"
"Krylon Acrylic Enamel, Clear Gloss Topcoat","The Sherwin Williams Co.","Acrylic Enamel",0,0,0,0,"2011-09-20 14:01:29",0,2011-09-20,373.pdf,"2013-03-12 07:36:41","2013-03-12 12:43:40"
"Wood Finish Dark Walnut 2716","Minwax Company","Wood Finish",0,0,0,0,"2011-09-20 14:03:10",0,2011-09-20,374.pdf,"2013-03-12 07:36:41","2013-03-12 12:43:40"
"Silicone Fluid 500","ScienceLab.Com, Inc","Silicone Fluid 500",0,0,0,0,"2011-09-20 14:04:40",0,2011-09-20,375.pdf,"2013-03-12 07:36:41","2013-03-12 12:43:40"
"Colormatch RV-75022","Plasticolors, Inc.","Colormatch Gums",0,0,0,0,"2011-09-20 14:06:21",0,2011-09-20,376.pdf,"2013-03-12 07:36:41","2013-03-12 12:43:40"
"Colormatch RV-84136","Plasticolors, Inc.","Colormatch Teeth",0,0,0,0,"2011-09-20 14:07:12",0,2011-09-20,377.pdf,"2013-03-12 07:36:41","2013-03-12 12:43:40"
"Colormatch RV-75048","Plasticolors, Inc.","Colormatch Gums",0,0,0,0,"2011-09-20 14:11:10",0,2011-09-20,379.pdf,"2013-03-12 07:36:41","2013-03-12 12:43:40"
"Colormatch RV-75034","Plasticolors, Inc.","Colormatch Gums",0,0,0,0,"2011-09-20 14:12:24",0,2011-09-20,380.pdf,"2013-03-12 07:36:41","2013-03-12 12:43:40"
"HS 450-30A-10M-Natural B Comp","ITWC Urethane Solutions, Inc.",,0,0,0,0,"2011-09-23 13:53:55",0,2011-09-23,381.pdf,"2013-03-12 07:36:41","2013-03-12 12:43:40"
"PC-3500-2-26031 Component A","Industrial Polymers, Inc.","Polymeric Diphenylmethane Diisocyanate (MDI)",0,0,0,0,,0,,,"2013-03-12 07:36:41","2013-03-12 07:36:41"
"Extendospheres Ceramic Microspheres","Sphere One, Inc.","Inorganic Hollow Microspherical Powder",0,0,0,0,"2011-09-21 13:46:10",0,2011-09-21,385.pdf,"2013-03-12 07:36:41","2013-03-12 12:43:40"
"MaxFlex UPC 285A","Universal Polymer Corp.","MaxFlex 285 Component A",0,0,0,0,"2011-09-21 13:48:24",0,2011-09-21,386.pdf,"2013-03-12 07:36:41","2013-03-12 12:43:40"
"MaxFlex UPC 285B","Universal Polymer Corp.","MaxFlex 285 Component B",0,0,0,0,"2011-09-21 13:49:48",0,2011-09-21,387.pdf,"2013-03-12 07:36:41","2013-03-12 12:43:40"
"Propylene Glycol Industrial","Lyondell Chemical Company",Glycols,0,0,0,0,"2011-09-21 13:51:41",0,2011-09-21,388.pdf,"2013-03-12 07:36:41","2013-03-12 12:43:40"
"SG-37 Blue Indicating Gel","Flair Corporation","Blue Silica Gel",0,0,0,0,"2011-09-21 13:53:59",0,2011-09-21,389.pdf,"2013-03-12 07:36:41","2013-03-12 12:43:40"
"PC-3500-2-26031 Component B","Industrial Polymers, Inc.",Polyether,0,0,0,0,,0,,,"2013-03-12 07:36:41","2013-03-12 07:36:41"
"Calpar 220","Calumet Specialty Products Partners, L.P.","Blended Mineral Oil",0,0,0,0,,0,,,"2013-03-12 07:36:41","2013-03-12 07:36:41"
"RU-400 A/B series","SILPAK, INC.","ISOCYANATE PREPOLYMER",0,0,0,0,"2012-02-09 21:13:36",0,2012-02-09,392.pdf,"2013-03-12 07:36:41","2013-03-12 12:43:40"
"Let's Gel - Croco 5241","BRADFORD INDUSTRIES, INC.","Polyester Fabric",0,0,0,0,"2012-02-24 14:00:43",0,2012-02-24,393.pdf,"2013-03-12 07:36:41","2013-03-12 12:43:40"
"Progel 6356- Burnished Steer, Basketweave and Willow","BRADFORD INDUSTRIES, INC.","POLYESTER FABRIC",0,0,0,0,"2012-02-24 14:02:09",0,2012-02-24,394.pdf,"2013-03-12 07:36:41","2013-03-12 12:43:40"
"Aliphatic-Amine Cured Polymer","GT Products Inc.","Synthetic Urethane Polymer",0,0,0,0,,0,,,"2013-03-12 07:36:41","2013-03-12 07:36:41"
"HSF 1025-7-60S-NATURAL","ITWC URETHANE SOLUTIONS, INC.","Polyether polyol",0,0,0,0,,0,,,"2013-03-12 07:36:41","2013-03-12 07:36:41"
RV-81318,"CHROMAFLO TECHNOLOGIES CORP",Pigment,0,0,0,0,"2012-08-29 19:53:08",0,2012-08-29,399.pdf,"2013-03-12 07:36:41","2013-03-12 12:43:41"
"Lubricant, ISO Pump Grease","GRACO INC.",,0,0,0,0,"2013-03-08 21:35:49",0,2013-03-08,400.pdf,"2013-03-12 07:36:41","2013-03-12 12:43:41"
"Handy Art Powder Tempera","Rich Art Color Company","Tempera Powder",0,0,0,0,"2013-03-08 21:40:04",0,2013-03-08,401.pdf,"2013-03-12 07:36:41","2013-03-12 12:43:41"
"Birchwood Casey Aluma Black Brush-On A14","Birchwood Laboratories, Inc.","Aluminum Paint",0,0,0,0,"2013-03-08 21:49:55",0,2013-03-08,402.pdf,"2013-03-12 07:36:41","2013-03-12 12:43:41"
"Piccolastic A5 Hydrocarbon Resin","Eastman Chemical Company",75210-00,0,0,0,0,"2013-03-08 21:58:43",0,2013-03-08,404.pdf,"2013-03-12 07:36:41","2013-03-12 12:43:41"
